Model,Topsis Score,Rank
C,0.7639065267976096,1.0
A,0.6860707402328055,2.0
B,0.631535247971709,3.0
D,0.2172074727166927,4.0
